{
    "sapatenis": {
        "sapatnis": 0.9927797833935017,
        "masculino": 0.6046931407942238,
        "casual": 0.34296028880866425,
        "tnis": 0.32942238267148016
    },
    "chuteiras": {
        "chuteira": 4.694444444444445,
        "society": 2.0277777777777777,
        "futsal": 1.777777777777778,
        "umbro": 1.5833333333333333
    },
    "botas": {
        "bota": 2.4921135646687698,
        "coturno": 0.6151419558359621,
        "cano": 0.5520504731861199,
        "feminina": 0.417981072555205
    },
    "tenis": {
        "tnis": 0.8195970695970696,
        "masculino": 0.36172161172161177,
        "feminino": 0.3021978021978022,
        "olympikus": 0.29304029304029305
    },
    "chinelos": {
        "chinelo": 2.5,
        "slide": 0.9615384615384616,
        "kenner": 0.6993006993006994,
        "sandlia": 0.6118881118881119
    }
}